BV2022,Bassin de vie,salair_moy,tx_pauvrete
01004,Ambérieu-en-Bugey,14.97,11.1
01033,Valserhône,14.04,13
01034,Belley,14.03,12.5
01053,Bourg-en-Bresse,14.55,14.8
01072,Ceyzériat,15.4,7.4
01093,Châtillon-sur-Chalaronne,14.9,8
01138,Culoz-Béon,14.59,10.5
01143,Divonne-les-Bains,19.35,7.8
01160,Ferney-Voltaire,15.08,17.8
01173,Gex,14.66,9.4
01185,Plateau d'Hauteville,13.78,12.2
01202,Lagnieu,15.39,7.9
01244,Meximieux,17.46,6.2
01262,Montluel,16.66,8.2
01265,Montréal-la-Cluse,14.48,13.6
01266,Montrevel-en-Bresse,14.09,7.3
01283,Oyonnax,14.05,19.2
01304,Pont-d'Ain,15.07,10.2
01305,Pont-de-Vaux,13.85,9.7
01333,Saint-André-de-Corcy,17.14,5
01354,Saint-Genis-Pouilly,15.22,13.2
01443,Villars-les-Dombes,15.65,7.6
01457,Vonnas,14.08,8.5
02095,Bohain-en-Vermandois,13.18,23.2
02163,Charly-sur-Marne,14.49,12.5
02168,Château-Thierry,14.3,15.7
02173,Chauny,14.17,17.8
02305,Fère-en-Tardenois,13.58,16.9
02360,Villeneuve-sur-Aisne,14.64,8.3
02361,Guise,13.73,21.9
02381,Hirson,12.75,25.9
02408,Laon,13.41,18.6
02468,Marle,13.3,21.1
02502,Montcornet,12.76,21.2
02558,Le Nouvion-en-Thiérache,13.78,20.1
02691,Saint-Quentin,14.17,21.4
02722,Soissons,14,18.4
02738,Tergnier,13.46,20.1
02789,Vervins,13.49,21.5
02810,Villers-Cotterêts,14.83,11.9
03036,Bourbon-l'Archambault,12.59,18.6
03082,Commentry,13.92,15.9
03102,Dompierre-sur-Besbre,13.09,13.9
03118,Gannat,14.08,12.6
03138,Lapalisse,12.47,19.9
03185,Montluçon,13.52,17.8
03186,Montmarault,13.25,19.3
03190,Moulins,13.39,14.7
03254,Saint-Pourçain-sur-Sioule,13.69,13.1
03298,Varennes-sur-Allier,13.01,15
03310,Vichy,14.21,16.1
04019,Barcelonnette,12.82,16.3
04049,Château-Arnoux-Saint-Auban,13.91,15.4
04070,Digne-les-Bains,13.09,16.5
04088,Forcalquier,13.82,18.6
04094,Gréoux-les-Bains,15.08,13.6
04112,Manosque,15.14,16.2
04143,Oraison,14.56,13.8
04166,Riez,13.45,19.2
04173,Saint-André-les-Alpes,13.12,21.2
04209,Sisteron,14.32,16.7
05006,L'Argentière-la-Bessée,14.05,16.5
05023,Briançon,13.87,14.1
05040,Chorges,13.53,14.2
05046,Embrun,13.48,14.3
05061,Gap,13.56,14.2
05065,Guillestre,13.33,15
05070,Laragne-Montéglin,13.48,17.2
05132,Saint-Bonnet-en-Champsaur,13.27,15.2
05170,Tallard,13.72,13.3
05179,Veynes,12.56,20.1
06029,Cannes,17.28,14.9
06033,Carros,15.23,12.7
06048,Contes,14.89,10.3
06083,Menton,14.26,16.1
06088,Nice,15.92,18
06099,Puget-Théniers,13.88,19.5
07010,Annonay,14.22,13
07019,Aubenas,13.16,17.3
07042,Bourg-Saint-Andéol,15.28,18
07064,Le Cheylard,13.52,14.8
07110,Joyeuse,12.51,22
07129,Lamastre,12.94,19.3
07132,Largentière,12.82,20.5
07186,Privas,14.05,14
07201,Ruoms,12.79,15
07324,Tournon-sur-Rhône,14.98,12.1
07330,Vallon-Pont-d'Arc,13.12,16.4
07334,Les Vans,12.96,22.6
07338,Vernoux-en-Vivarais,13.09,20.7
07341,Villeneuve-de-Berg,13.6,15.6
07349,La Voulte-sur-Rhône,14.36,12
08090,Carignan,13.28,20.9
08105,Charleville-Mézières,13.99,20.3
08185,Fumay,13,21.1
08190,Givet,16.04,19.8
08302,Monthermé,13.49,18
08328,Nouzonville,13.07,22.5
08362,Rethel,14.08,14.1
08363,Revin,13.24,21.4
08409,Sedan,13.61,20.7
08490,Vouziers,13.19,17.3
09122,Foix,13.6,18.7
09160,Lavelanet,12.55,22.1
09167,Lézat-sur-Lèze,14.63,15.4
09185,Mazères,14.26,13
09194,Mirepoix,13.39,20.3
09225,Pamiers,13.46,16
09261,Saint-Girons,13.13,23.5
09282,Saverdun,13.82,13.5
09306,Tarascon-sur-Ariège,13.41,18.5
10003,Aix-Villemaur-Pâlis,13.63,13.6
10006,Arcis-sur-Aube,13.53,11.9
10033,Bar-sur-Aube,12.96,16.1
10034,Bar-sur-Seine,13.16,14.4
10064,Brienne-le-Château,13.5,13
10268,Nogent-sur-Seine,15.33,13.5
10323,Romilly-sur-Seine,13.59,18.4
10387,Troyes,14.18,17.8
11049,Bram,13.15,17.4
11069,Carcassonne,13.27,21.4
11076,Castelnaudary,13.31,16.3
11106,Coursan,13.32,17.3
11203,Lézignan-Corbières,13.07,21.5
11206,Limoux,12.84,20.4
11262,Narbonne,13.69,21
11266,Port-la-Nouvelle,12.67,23.1
11304,Quillan,12.52,29.6
11379,Sigean,13.77,19
11397,Trèbes,12.59,21.2
12052,Capdenac-Gare,13.5,13.2
12056,Baraqueville,13.58,10.1
12089,Decazeville,12.64,18.3
12096,Espalion,13.1,13.6
12119,Laguiole,12.32,19.1
12120,Laissac-Sévérac l'Église,12.9,12.9
12133,Luc-la-Primaube,13.8,10.7
12138,Marcillac-Vallon,14.12,11.3
12145,Millau,13.12,15.2
12148,Montbazens,13.24,13.2
12169,Naucelle,13.45,15.3
12197,Réquista,12.99,20.7
12198,Rieupeyroux,13.02,18.2
12199,Rignac,13.57,10.6
12202,Rodez,14.21,12.3
12208,Saint-Affrique,13.09,16.4
12224,Saint Geniez d'Olt et d'Aubrac,13.03,16.8
12270,Sévérac d'Aveyron,12.85,14.1
12300,Villefranche-de-Rouergue,13.17,16.7
13001,Aix-en-Provence,18.28,11.9
13004,Arles,14.32,22.8
13022,Cassis,18.64,9.2
13035,Eyguières,17.49,10.1
13037,La Fare-les-Oliviers,17.66,7.3
13047,Istres,15.77,13.2
13050,Lambesc,18.85,9.2
13051,Lançon-Provence,17.86,7.3
13053,Mallemort,16.78,10.1
13054,Marignane,15.03,15.5
13055,Marseille,15.86,22.9
13056,Martigues,15.99,18.2
13063,Miramas,14.78,19
13074,Peyrolles-en-Provence,16.48,9.5
13078,Port-Saint-Louis-du-Rhône,16.47,21.2
13080,Le Puy-Sainte-Réparade,17.57,9.1
13084,La Roque-d'Anthéron,15.29,14
13088,Le Rove,19.4,8.8
13096,Saintes-Maries-de-la-Mer,12.7,20.8
13097,Saint-Martin-de-Crau,16.05,11.6
13100,Saint-Rémy-de-Provence,16.08,16.2
13103,Salon-de-Provence,16.61,14.2
13104,Sausset-les-Pins,22.31,6.3
13105,Sénas,15.29,13
14020,Argences,13.94,9.1
14027,Les Monts d'Aunay,13.59,12.3
14047,Bayeux,14.17,10.4
14118,Caen,14.73,14.1
14174,Condé-en-Normandie,13.42,13.6
14191,Courseulles-sur-Mer,15.03,7.5
14225,Dives-sur-Mer,14.36,12.7
14228,Douvres-la-Délivrande,17.31,6.5
14257,Évrecy,15.5,5
14258,Falaise,13.53,11.7
14333,Honfleur,15.69,11.6
14342,Isigny-sur-Mer,13.41,15.7
14366,Lisieux,13.75,14.3
14371,Livarot-Pays-d'Auge,13.62,16.6
14431,Mézidon Vallée d'Auge,13.47,13.4
14478,Orbec,13.61,16
14488,Ouistreham,16.12,8.2
14514,Pont-l'Évêque,15.13,10.5
14654,Saint-Pierre-en-Auge,13.1,13
14689,Thury-Harcourt-le-Hom,14.12,9.4
14712,Troarn,14.57,7.3
14715,Trouville-sur-Mer,15.53,14.1
14752,Villers-Bocage,13.8,9.9
14762,Vire Normandie,13.1,14.1
15014,Aurillac,13.1,12.3
15119,Massiac,12.66,18.1
15120,Mauriac,12.3,17.3
15122,Maurs,12.89,16.9
15138,Murat,12.62,17.6
15162,Riom-ès-Montagnes,12.5,18.2
15187,Saint-Flour,12.3,14.5
15258,Vic-sur-Cère,12.29,12.1
16015,Angoulême,14.32,16.4
16028,Barbezieux-Saint-Hilaire,13.67,14.6
16070,Chabanais,13.32,17.7
16073,Chalais,12.29,20.2
16078,Champniers,14.45,7.9
16085,Chasseneuil-sur-Bonnieure,12.73,18.9
16090,Châteauneuf-sur-Charente,13.77,11.2
16102,Cognac,15.82,12
16106,Confolens,12.94,22.5
16167,Jarnac,14.62,10.7
16206,Mansle-les-Fontaines,13.13,16.7
16281,La Rochefoucauld-en-Angoumois,13.32,13.1
16292,Ruffec,12.61,19.5
16366,Segonzac,14.66,10.9
17003,Aigrefeuille-d'Aunis,14.46,7.6
17024,Aulnay,12.76,18.5
17093,Le Château-d'Oléron,13.27,13.3
17131,Cozes,12.79,13.2
17140,Dolus-d'Oléron,13.26,12.1
17161,La Flotte,17.02,9.1
17168,Fouras,15.39,9.1
17172,Gémozac,13.35,12.9
17197,Jonzac,13.1,16.5
17218,Marans,13.52,10.1
17219,Marennes-Hiers-Brouage,12.83,13.3
17224,Matha,13.07,17
17236,Mirambeau,13.35,20.6
17240,Montendre,13.65,16.1
17241,Montguyon,13.24,17.2
17283,Pons,13.25,13.3
17299,Rochefort,13.36,13.5
17300,La Rochelle,15.64,11.9
17306,Royan,14.3,11.2
17347,Saint-Jean-d'Angély,12.87,15.5
17385,Saint-Pierre-d'Oléron,13.02,13
17397,Saint-Savinien,12.35,14.1
17415,Saintes,13.89,12.4
17421,Saujon,12.32,12.2
17434,Surgères,13.66,11.3
17452,La Tremblade,13.12,11.4
18015,Aubigny-sur-Nère,13.56,13.6
18033,Bourges,14.68,14.2
18057,Châteaumeillant,12.26,21.3
18087,Dun-sur-Auron,13.7,12.6
18108,La Guerche-sur-l'Aubois,13.38,17.3
18109,Henrichemont-Menetou-Salon,13.75,14.5
18127,Lignières,13.25,16.5
18141,Mehun-sur-Yèvre,14.56,9.1
18197,Saint-Amand-Montrond,12.98,16.7
18207,Saint-Florent-sur-Cher,14.16,11.8
18223,Saint-Martin-d'Auxigny,14.23,8.6
18242,Sancoins,12.65,21.1
18279,Vierzon,13.31,18.3
19010,Argentat-sur-Dordogne,12.92,16.7
19028,Bort-les-Orgues,12.43,15.6
19031,Brive-la-Gaillarde,14.22,13
19073,Égletons,13.16,16.2
19121,Lubersac,13.16,15.8
19138,Meyssac,13.7,14.7
19153,Objat,13.25,13
19255,Seilhac,13.51,11
19272,Tulle,13.39,12.6
19275,Ussel,12.77,14.3
19276,Uzerche,13.14,14.7
21023,Arnay-le-Duc,13.22,13.1
21038,Auxonne,13.95,10.6
21054,Beaune,15.54,9.3
21154,Châtillon-sur-Seine,12.76,16.1
21231,Dijon,15.36,13.2
21292,Genlis,14.78,7.2
21317,Is-sur-Tille,14.36,9.1
21416,Mirebeau-sur-Bèze,14.02,8.4
21425,Montbard,12.91,14.2
21464,Nuits-Saint-Georges,15.59,6.4
21501,Pouilly-en-Auxois,14.15,9.9
21584,Saulieu,12.77,16.3
21603,Semur-en-Auxois,14.06,12.4
21607,Seurre,13.71,9.2
21663,Venarey-les-Laumes,13.58,14.1
22004,Bégard,13.01,13.1
22020,Broons,13.32,12.5
22025,Callac,12.52,22.3
22050,Dinan,14.16,9.9
22054,Erquy,14.9,9.5
22055,Binic-Étables-sur-Mer,15.5,8.3
22070,Guingamp,13.21,14.9
22093,Lamballe-Armor,13.77,9.5
22113,Lannion,15.89,10.6
22121,Lanvollon,13.14,11.7
22136,Loudéac,12.92,13.1
22143,Matignon,14.01,8.7
22147,Merdrignac,12.98,15.5
22162,Paimpol,13.99,11.3
22172,Plancoët,13.12,10.6
22186,Pléneuf-Val-André,15.32,8.6
22194,Plestin-les-Grèves,14.22,11.6
22203,Plœuc-L'Hermitage,13.11,10.4
22206,Châtelaudren-Plouagat,13.5,9.5
22222,Plouha,13.75,10.9
22262,Quintin,13.65,8.8
22266,Rostrenen,12.4,19.5
22278,Saint-Brieuc,14.11,12.5
22362,Tréguier,13.25,13.1
23008,Aubusson,12.2,21.5
23013,Auzances,12.47,22.3
23025,Bonnat,12.44,19.5
23030,Bourganeuf,12.61,24.4
23031,Boussac,12.45,22.7
23075,Dun-le-Palestel,13.14,18.1
23076,Évaux-les-Bains,12.25,18
23096,Guéret,12.88,16.9
23176,La Souterraine,13.12,18.9
24037,Bergerac,13.44,16.9
24064,Brantôme en Périgord,13.14,14
24067,Le Bugue,12.96,19
24164,Excideuil,13.02,17.7
24167,Eymet,13.46,19.8
24223,Lalinde,14.09,16.7
24291,Montignac-Lascaux,13.06,21.1
24294,Montpon-Ménestérol,13.21,17
24299,Mussidan,12.94,17.3
24309,Neuvic,12.97,15
24311,Nontron,12.7,20.3
24322,Périgueux,13.67,13.8
24352,Ribérac,13.17,19.8
24372,Saint-Astier,13.1,13.7
24396,Saint-Cyprien,12.55,20.9
24520,Sarlat-la-Canéda,12.79,15.6
24547,Terrasson-Lavilledieu,13.21,17.6
24551,Thiviers,12.67,17.6
24571,Vergt,12.66,16.3
25047,Baume-les-Dames,13.72,11.7
25056,Besançon,14.85,16.3
25315,L'Isle-sur-le-Doubs,13.76,14.1
25356,Maîche,13.31,6.9
25388,Montbéliard,14.53,18.3
25411,Morteau,13.72,5.5
25434,Ornans,14.66,8.5
25462,Pontarlier,13.7,7.2
25463,Pont-de-Roide-Vermondans,14.83,7.7
25495,Roche-lez-Beaupré,14.47,8.3
25512,Le Russey,13.85,5.6
25527,Saint-Vit,14.43,7.9
25532,Saône,15.54,6.3
25578,Valdahon,13.82,8.3
26037,Beaumont-lès-Valence,16.43,7.1
26063,Buis-les-Baronnies,13.99,23
26064,Chabeuil,17.02,8.5
26108,Crest,13.96,14.5
26113,Die,12.83,21.8
26114,Dieulefit,13.86,19.4
26116,Donzère,14.83,12.5
26165,Livron-sur-Drôme,14.36,11.8
26176,Marsanne,14.73,11.2
26198,Montélimar,15.05,16
26220,Nyons,13.34,19.6
26235,Pierrelatte,14.79,20.6
26281,Romans-sur-Isère,15.01,13.7
26301,Saint-Donat-sur-l'Herbasse,15.02,10.2
26307,Saint-Jean-en-Royans,14,12.4
26324,Saint-Paul-Trois-Châteaux,17.87,11.9
26325,Saint-Rambert-d'Albon,14.39,14
26333,Saint-Vallier,14.31,13.9
26362,Valence,14.88,15.4
27016,Les Andelys,14.42,12.2
27051,Beaumont-le-Roger,14.26,12
27056,Bernay,14.32,14
27065,Beuzeville,15.19,10.8
27103,Bourg-Achard,15.96,7
27105,Grand Bourgtheroulde,16.29,5.4
27112,Breteuil,13.46,13.6
27116,Brionne,14.42,12
27165,Conches-en-Ouche,14.36,10.3
27170,Cormeilles,14.29,11.3
27198,Mesnils-sur-Iton,14.93,8.3
27226,Étrépagny,14.26,10.5
27229,Évreux,14.58,19
27246,Fleury-sur-Andelle,14.26,9.4
27275,Gaillon,15.78,11.4
27284,Gisors,15.38,11.9
27306,Guichainville,15.33,7.1
27375,Louviers,15.44,16.6
27428,Le Neubourg,15.29,7.9
27448,Pacy-sur-Eure,17.4,7
27467,Pont-Audemer,14.69,12.7
27469,Pont-de-l'Arche,15.57,8.5
27507,Saint-André-de-l'Eure,14.3,9.8
27679,Verneuil d'Avre et d'Iton,14.08,15.5
27681,Vernon,16.74,15.1
28007,Anet,16.79,6.9
28015,Auneau-Bleury-Saint-Symphorien,15.69,6.7
28051,Bonneval,13.99,9
28061,Brou,13.28,12.8
28085,Chartres,15.85,12.3
28088,Châteaudun,13.25,16.9
28089,Châteauneuf-en-Thymerais,14.67,7.7
28103,Cloyes-les-Trois-Rivières,14.08,10.7
28116,Courville-sur-Eure,14.91,7.3
28134,Dreux,14.69,17.8
28140,Épernon,18.38,6.5
28196,Illiers-Combray,14.15,8
28199,Janville-en-Beauce,14.16,9.6
28214,La Loupe,13.6,14.5
28227,Maintenon,18.13,5.7
28279,Nogent-le-Roi,16.75,8.1
28280,Nogent-le-Rotrou,13.33,13.7
28373,Senonches,13.25,13
28422,Les Villages Vovéens,13.92,9
29004,Bannalec,13.02,10.2
29019,Brest,15.12,13.3
29020,Briec,13.2,9.8
29024,Carhaix-Plouguer,12.84,15.9
29026,Châteaulin,13.34,11.3
29027,Châteauneuf-du-Faou,12.74,17.1
29039,Concarneau,14.76,10.5
29042,Crozon,13.65,10.7
29046,Douarnenez,13.57,11.9
29053,Le Faou,15.17,6.7
29058,Fouesnant,16.19,6.9
29069,Guilers,14.62,5.7
29103,Landerneau,14.56,7.1
29105,Landivisiau,13.41,10.9
29113,Lanmeur,14.02,10.7
29124,Lesneven,13.61,8.7
29147,Mellac,14.37,6.6
29150,Moëlan-sur-Mer,15.49,8.7
29151,Morlaix,14.02,12.3
29160,Plabennec,14.16,6.4
29162,Pleyben,13.14,13.6
29174,Plonéour-Lanvern,13.59,9.5
29178,Ploudalmézeau,14.71,7.1
29195,Plouguerneau,14.81,7.8
29197,Plouhinec,13.56,12.4
29199,Plouigneau,13.34,14.2
29218,Pont-Croix,12.76,11.6
29220,Pont-l'Abbé,14.15,9
29232,Quimper,14.26,11.4
29233,Quimperlé,14.04,9.8
29241,Rosporden,13.27,8.9
29259,Saint-Pol-de-Léon,13.67,10.5
29260,Saint-Renan,15.09,5.4
29274,Scaër,12.43,14.1
2A004,Ajaccio,14.53,14.2
2A041,Bonifacio,13.22,17.8
2A130,Grosseto-Prugna,15.66,14.1
2A247,Porto-Vecchio,13.54,19
2A249,Propriano,13.39,19.7
2A272,Sartène,13.3,23.9
2B033,Bastia,14.5,19.2
2B042,Borgo,13.6,19.6
2B050,Calvi,12.89,19.7
2B096,Corte,13.17,21.1
2B123,Ghisonaccia,13.27,26.2
2B134,L'Île-Rousse,13.34,20.8
2B207,Penta-di-Casinca,13.3,22.3
2B251,Prunelli-di-Fiumorbo,13.02,18.4
2B298,Saint-Florent,14.01,19.7
30003,Aigues-Mortes,14.81,15.5
30006,Aimargues,15.15,12.1
30007,Alès,13.48,21.6
30010,Anduze,13.51,19.5
30028,Bagnols-sur-Cèze,15.62,17.9
30029,Barjac,13.62,20.6
30032,Beaucaire,13.96,23.6
30034,Bellegarde,14.72,14.9
30037,Bessèges,12.35,31.8
30047,Bouillargues,15.11,12.4
30061,La Calmette,13.91,14.7
30062,Calvisson,17.34,9
30132,La Grand-Combe,12.21,30.6
30155,Manduel,14.33,13.5
30189,Nîmes,14.42,25
30202,Pont-Saint-Esprit,15.54,18.3
30210,Quissac,14.56,17.4
30212,Remoulins,15.1,13.9
30217,Rochefort-du-Gard,16.9,9.9
30221,Roquemaure,15.61,14.1
30227,Saint-Ambroix,13.2,23.5
30255,Saint-Geniès-de-Malgoirès,13.89,14.6
30258,Saint-Gilles,13.09,26.8
30263,Saint-Hippolyte-du-Fort,13.11,25
30269,Saint-Jean-du-Gard,12.36,29.1
30321,Sommières,16.02,13.4
30334,Uzès,14.78,17.1
30341,Vauvert,14.08,18.5
30344,Vergèze,15.99,10.3
30350,Le Vigan,12.19,25.9
31033,Auterive,14.81,12
31042,Bagnères-de-Luchon,12.69,15.4
31066,Bessières,16.03,8.2
31080,Boulogne-sur-Gesse,14.12,21.4
31106,Caraman,16.64,8.9
31107,Carbonne,14.67,15.9
31135,Cazères,14.36,16.2
31202,Fronton,16.18,10
31232,Grenade,16.48,10.6
31239,L'Isle-en-Dodon,13.62,21.4
31324,Martres-Tolosane,14.17,14
31358,Montastruc-la-Conseillère,19.39,6.2
31390,Montréjeau,13.61,17.6
31396,Nailloux,16.57,9.2
31399,Noé,15.44,9.7
31421,Pins-Justaret,18.59,7
31451,Revel,14.07,15.1
31454,Rieumes,15.09,8.6
31483,Saint-Gaudens,13.68,18.6
31499,Saint-Lys,16.25,8.4
31523,Salies-du-Salat,14.34,15.6
31555,Toulouse,17.36,15.1
31573,Verfeil,18.54,6
31574,Vernet,17.56,7.1
31582,Villefranche-de-Lauragais,17.01,7.5
31584,Villemur-sur-Tarn,14.49,12
32013,Auch,13.67,14.1
32096,Cazaubon,12.41,19.8
32107,Condom,13,18.9
32119,Eauze,12.99,19.6
32132,Fleurance,13.15,15.1
32147,Gimont,14.69,12.7
32160,L'Isle-Jourdain,17.51,8.5
32208,Lectoure,13.85,16.4
32233,Marciac,12.71,19.6
32242,Masseube,12.81,17.5
32249,Mauvezin,14.79,14.1
32256,Mirande,13.06,17.3
32296,Nogaro,13.27,18.9
32319,Plaisance,12.74,19.9
32344,Riscle,12.51,15.1
32410,Samatan,14.95,11.9
32462,Vic-Fezensac,13.34,17.3
33005,Andernos-les-Bains,18,7.5
33011,Arès,16.21,7.7
33036,Bazas,13.39,15.2
33042,Belin-Béliet,15.01,8.2
33051,Biganos,15.21,7.3
33058,Blaye,14.51,17.5
33063,Bordeaux,16.74,13.2
33081,Cadillac-sur-Garonne,14.15,12.6
33104,Castelnau-de-Médoc,15.02,8
33108,Castillon-la-Bataille,13.7,19.7
33114,Cavignac,13.86,13.7
33138,Coutras,13.03,18.1
33140,Créon,15.14,9
33203,Hourtin,13.98,12
33213,La Brède,17.51,5
33214,Lacanau,16.22,10.7
33226,Langoiran,14.72,10.6
33227,Langon,14.2,13
33236,Lège-Cap-Ferret,17.31,9.6
33240,Lesparre-Médoc,12.95,16.1
33243,Libourne,14.92,13.1
33314,Pauillac,13.5,13.4
33327,Podensac,15.03,7.8
33352,La Réole,13.31,20.7
33366,Saint-André-de-Cubzac,14.59,11.3
33402,Sainte-Foy-la-Grande,13.29,20.9
33478,Saint-Seurin-sur-l'Isle,12.78,17.1
33498,Salles,15.78,6.1
33506,Sauveterre-de-Guyenne,13.14,17.2
33514,Soulac-sur-Mer,12.98,15.9
33529,La Teste-de-Buch,15.78,9.9
34003,Agde,13.33,21.9
34022,Baillargues,17.78,9.6
34028,Bédarieux,12.87,22.7
34031,Bessan,13.42,17.2
34032,Béziers,13.42,26.7
34052,Capestang,13.51,18.5
34058,Castries,18.36,7.1
34079,Clermont-l'Hérault,14.13,18.2
34111,Ganges,14.41,18
34114,Gignac,14.73,15.4
34126,Lamalou-les-Bains,13.29,21.1
34142,Lodève,13.14,24.2
34145,Lunel,14.45,18.1
34147,Magalas,13.77,14.9
34150,Marseillan,13.19,20
34154,Mauguio,16.78,10.7
34157,Mèze,14.44,16.2
34162,Montagnac,13.77,26.5
34172,Montpellier,15.96,19.8
34189,Olonzac,12.6,23.9
34192,Palavas-les-Flots,15.1,16.2
34194,Paulhan,13.84,15.9
34199,Pézenas,13.8,19.5
34202,Pignan,15.64,11.5
34239,Saint-André-de-Sangonis,14.72,14.8
34245,Saint-Chinian,13.94,21.5
34276,Saint-Mathieu-de-Tréviers,17.06,8.4
34284,Saint-Pons-de-Thomières,12.36,29.5
34299,Sérignan,14.01,16.1
34300,Servian,13.47,15.7
34301,Sète,14.44,18.5
34332,Vias,12.97,22.6
35006,Argentré-du-Plessis,14.32,6.5
35012,Bain-de-Bretagne,13.94,8.8
35037,Bréal-sous-Montfort,15,6.3
35068,Châteaubourg,15.32,5
35069,Châteaugiron,17.34,5
35085,Combourg,14.1,11.2
35093,Dinard,16.01,9.7
35095,Dol-de-Bretagne,13.18,10.2
35115,Fougères,13.46,11.2
35125,La Guerche-de-Bretagne,13.21,9.7
35126,Guichen,15.07,5.9
35136,Janzé,14.77,7.2
35152,Liffré,16.06,5.5
35162,Louvigné-du-Désert,12.28,14.5
35168,Val d'Anast,13.38,10.1
35176,Guipry-Messac,13.28,9.5
35177,La Mézière,16.69,5.9
35184,Montauban-de-Bretagne,14.23,7.7
35188,Montfort-sur-Meu,14.85,6.3
35196,Mordelles,15.32,7.6
35207,Noyal-sur-Vilaine,16.64,5.8
35219,Pipriac,13.03,10.5
35223,Plélan-le-Grand,14.21,9.4
35236,Redon,13.65,13.2
35238,Rennes,16.61,14.9
35239,Retiers,13.62,10.1
35240,Le Rheu,15.43,10.1
35251,Saint-Aubin-d'Aubigné,14.97,6.7
35253,Saint-Aubin-du-Cormier,14.65,6.2
35257,Maen Roch,13.19,11.2
35288,Saint-Malo,15.18,10.7
35297,Saint-Méen-le-Grand,13.26,11.4
35337,Tinténiac,14.85,8
35352,Vern-sur-Seiche,16.47,7.7
35360,Vitré,14.21,8.6
36001,Aigurande,12.19,21.2
36006,Argenton-sur-Creuse,13,17.1
36018,Le Blanc,12.46,15.6
36031,Buzançais,12.5,12.9
36044,Châteauroux,13.74,16.2
36045,Châtillon-sur-Indre,12.06,15.5
36046,La Châtre,12.99,16.4
36088,Issoudun,13.85,13.1
36093,Levroux,12.94,11.1
36228,Valençay,12.38,14.3
37003,Amboise,14.82,11.5
37011,Avoine,15.73,10.4
37014,Azay-le-Rideau,15.01,7.6
37027,Bléré,15.08,6.8
37031,Bourgueil,15.63,13.4
37062,Château-la-Vallière,13.04,12
37063,Château-Renault,13.85,11.2
37072,Chinon,14.42,14.5
37104,Esvres,15.34,5.9
37115,Descartes,13.31,18
37119,L'Île-Bouchard,13.37,12.6
37123,Langeais,14.27,10.6
37130,Ligueil,13.13,11.9
37132,Loches,13.58,13
37159,Monts,15.62,5.5
37196,Richelieu,12.66,15.9
37226,Sainte-Maure-de-Touraine,13.4,12.2
37261,Tours,15.71,14
38001,Les Abrets en Dauphiné,15.24,8.6
38006,Allevard,16.36,7.3
38013,Apprieu,16,6.7
38022,Les Avenières Veyrins-Thuellin,14.84,8.8
38034,Beaurepaire,14.15,13.1
38052,Le Bourg-d'Oisans,15.21,14.4
38053,Bourgoin-Jallieu,16.17,12.9
38085,Charvieu-Chavagneux,15.61,9.1
38130,La Côte-Saint-André,14.67,11.8
38138,Crémieu,17.33,6.3
38140,Crolles,21.67,5.7
38185,Grenoble,17.37,14.5
38189,Heyrieux,17.28,5.2
38247,Montalieu-Vercieu,14.35,9
38261,Morestel,14.97,8.6
38269,La Mure,14.57,13.1
38314,Pontcharra,16.79,7.5
38315,Le Pont-de-Beauvoisin,15.58,9.2
38337,Rives,15.39,10.3
38344,Roussillon,15.12,14.5
38384,Saint-Étienne-de-Saint-Geoirs,15.25,10
38399,Saint-Jean-de-Bournay,15.32,7.6
38412,Saint-Laurent-du-Pont,15.02,9.1
38416,Saint-Marcellin,14.63,12.2
38509,La Tour-du-Pin,15.61,10.6
38511,Le Touvet,18.6,5
38517,Tullins,16.33,9.6
38544,Vienne,16.61,12.6
38545,Vif,17.11,5.5
38548,Villard-de-Lans,16.55,9.3
38553,Villefontaine,15.44,14.4
38557,Villette-d'Anthon,18.64,5
38559,Vinay,15.25,9.6
38562,Vizille,16.52,7.8
38563,Voiron,17.55,9.5
38565,Voreppe,18.08,8.4
39013,Arbois,13.76,12.3
39056,Bletterans,14.09,9.8
39097,Champagnole,13.26,11.2
39128,Chaussin,14.23,11.4
39154,Clairvaux-les-Lacs,13.76,10.2
39198,Dole,14.75,14.4
39300,Lons-le-Saunier,14.1,12.6
39333,Moirans-en-Montagne,14.13,10.6
39368,Hauts de Bienne,12.91,11.7
39397,Orgelet,13.81,8.3
39434,Poligny,14.43,11.2
39470,Les Rousses,14.51,5.4
39475,Saint-Amour,13.58,11.5
39478,Saint-Claude,13.82,13.4
39487,Saint-Laurent-en-Grandvaux,13.63,8.4
39500,Salins-les-Bains,13.55,11.1
39526,Tavaux,15.11,8.7
40001,Aire-sur-l'Adour,13.16,13.8
40046,Biscarrosse,14.78,9.5
40065,Capbreton,16.59,11.8
40075,Castets,13.77,10.7
40088,Dax,13.74,13.3
40119,Hagetmau,13.18,11.7
40133,Labenne,15.97,8.6
40184,Mimizan,13.8,12.5
40192,Mont-de-Marsan,13.52,12.2
40194,Montfort-en-Chalosse,13.34,12.6
40197,Morcenx-la-Nouvelle,13.38,12.2
40217,Parentis-en-Born,13.13,11
40224,Peyrehorade,13.83,12.2
40233,Pouillon,14.12,11.1
40245,Roquefort,12.87,12.4
40282,Saint-Sever,13.19,9.4
40284,Saint-Vincent-de-Tyrosse,13.81,9.5
40296,Seignosse,16.06,10.8
40310,Soustons,14.67,11.2
40313,Tartas,13.65,11.7
41018,Blois,14.91,14.6
41059,Le Controis-en-Sologne,13.97,9.6
41106,Lamotte-Beuvron,14.02,10.6
41136,Mer,14.45,10.9
41143,Mondoubleau,12.65,15
41149,Montoire-sur-le-Loir,14.04,10.4
41151,Montrichard Val de Cher,13.84,10.9
41167,Veuzain-sur-Loire,14.18,9.4
41173,Beauce la Romaine,14.04,7.2
41194,Romorantin-Lanthenay,13.54,15.8
41198,Saint-Aignan,12.94,14.7
41232,Salbris,13.45,12.5
41242,Selles-sur-Cher,12.88,14.7
41269,Vendôme,14.58,12.3
42011,Balbigny,14.04,10.4
42019,Boën-sur-Lignon,13.57,12.4
42023,Bourg-Argental,13.74,13
42052,Charlieu,13.77,10.4
42059,Chazelles-sur-Lyon,13.92,9.2
42094,Feurs,14.52,11.8
42103,La Grand-Croix,15.13,11.9
42147,Montbrison,14.78,10.3
42149,Montrond-les-Bains,15.33,7.1
42165,Panissières,13.93,10.9
42168,Pélussin,15.34,7.9
42182,Renaison,14.15,10.2
42186,Rive-de-Gier,15.19,13.5
42187,Roanne,13.88,16.1
42204,Saint-Bonnet-le-Château,14.05,10.4
42218,Saint-Étienne,14.35,20.6
42222,Saint-Galmier,17.09,5.3
42230,Saint-Germain-Laval,13.47,13.4
42279,Saint-Just-Saint-Rambert,15.69,8.7
43040,Brioude,13,16.3
43051,Le Chambon-sur-Lignon,13.12,17.9
43080,Craponne-sur-Arzon,12.99,15.9
43087,Dunières,13.58,11.2
43112,Langeac,12.31,16.3
43137,Monistrol-sur-Loire,14.76,7.7
43157,Le Puy-en-Velay,13.27,12.9
43162,Retournac,12.78,14.3
43200,Saint-Julien-Chapteuil,13.47,10.4
43216,Saint-Paulien,12.71,13
43224,Sainte-Sigolène,13.71,8
43234,Saugues,12.06,19
43244,Tence,12.84,13.7
43268,Yssingeaux,13.51,10.5
44002,Aigrefeuille-sur-Maine,15.04,5.1
44003,Ancenis-Saint-Géréon,14.45,8.6
44015,Blain,14.2,8.4
44036,Châteaubriant,13.19,14.7
44043,Clisson,15.41,5.9
44051,Derval,13.38,12.3
44055,La Baule-Escoublac,16.23,8.6
44067,Guémené-Penfao,13.51,14.2
44072,Herbignac,14.11,8.5
44073,Héric,14.97,6.3
44081,Legé,13.41,8.7
44082,Ligné,15.1,5
44084,Le Loroux-Bottereau,15.23,6
44087,Machecoul-Saint-Même,13.41,9.1
44109,Nantes,16.92,12.4
44110,Nort-sur-Erdre,14.9,7.7
44113,Nozay,13.73,10.3
44120,Le Pellerin,14.82,6.1
44129,Pontchâteau,14.2,8
44131,Pornic,15.75,7.8
44154,Saint-Brevin-les-Pins,14.77,7.9
44158,Saint-Étienne-de-Montluc,17.11,5
44180,Vallons-de-l'Erdre,13.15,12.3
44184,Saint-Nazaire,14.67,13.5
44186,Sainte-Pazanne,14.47,6.6
44188,Saint-Philbert-de-Grand-Lieu,14.65,6.2
44195,Savenay,15.46,6.2
44209,Treillières,17.27,5
44212,Vallet,14.84,6.2
44213,Loireauxence,13.48,10.3
45028,Beaugency,15.1,10.3
45030,Beaune-la-Rolande,13.74,12.1
45031,Bellegarde,13.69,11.6
45053,Briare,14.22,15.9
45082,Châteauneuf-sur-Loire,15.65,8.6
45085,Châtillon-Coligny,14.32,14
45115,Courtenay,14.42,13.7
45145,Ferrières-en-Gâtinais,15.08,10
45146,La Ferté-Saint-Aubin,15.8,7.2
45155,Gien,14.5,17.8
45173,Jargeau,15.8,8
45187,Lorris,14.74,12.3
45191,Le Malesherbois,14.95,13.1
45203,Meung-sur-Loire,15.81,6.5
45208,Montargis,14.19,20.3
45224,Neuville-aux-Bois,15.33,6.6
45234,Orléans,15.63,15.1
45248,Patay,13.87,9.1
45252,Pithiviers,13.93,13.6
45258,Puiseaux,14.79,9.9
45315,Sully-sur-Loire,14.95,12.3
46042,Cahors,13.69,14.3
46045,Cajarc,12.91,20.2
46063,Castelnau Montratier-Sainte Alauzie,N/A - résultat non disponible,N/A - résultat non disponible
46102,Figeac,14.28,14.5
46127,Gourdon,12.99,17.4
46128,Gramat,13.65,13.3
46143,Lacapelle-Marival,13.42,15.5
46225,Prayssac,12.78,18
46251,Saint-Céré,14.11,14.9
46309,Souillac,13.42,15.9
46330,Vayrac,13.34,13.9
47001,Agen,14.14,15.6
47004,Aiguillon,12.74,21.8
47052,Casteljaloux,13.25,17.1
47057,Castillonnès,13.08,21.4
47106,Fumel,12.5,20.9
47157,Marmande,13.39,17.5
47168,Miramont-de-Guyenne,12.69,19.7
47175,Monflanquin,12.7,18.5
47195,Nérac,13.19,17.3
47310,Tonneins,12.84,19.4
47323,Villeneuve-sur-Lot,12.95,19.3
48034,La Canourgue,12.89,14.4
48061,Florac Trois Rivières,12.21,20.1
48080,Langogne,11.67,19.2
48092,Marvejols,12.87,13.2
48095,Mende,13.18,12.1
48140,Saint-Chély-d'Apcher,12.51,15
49007,Angers,15.16,14.7
49018,Baugé-en-Anjou,13.22,11.9
49021,Beaufort-en-Anjou,13.71,8.3
49023,Beaupréau-en-Mauges,13.34,7.7
49050,Brissac Loire Aubance,15.11,6.8
49054,Candé,13.34,12.9
49063,Chalonnes-sur-Loire,14.95,8.1
49069,Orée d'Anjou,13.98,6.7
49080,Les Hauts-d'Anjou,12.97,10.7
49092,Chemillé-en-Anjou,13.39,8.9
49099,Cholet,14.33,10.6
49125,Doué-en-Anjou,12.87,11.9
49127,Durtal,13.44,10
49176,Le Lion-d'Angers,14.12,7.5
49180,Longué-Jumelles,12.78,13.7
49214,Montreuil-Juigné,15.03,6.3
49215,Montreuil-Bellay,12.59,13.5
49218,Montrevault-sur-Èvre,12.97,8.5
49228,Noyant-Villages,12.35,19.6
49244,Mauges-sur-Loire,13.49,8.5
49248,Ombrée d'Anjou,12.62,14.7
49261,Gennes-Val-de-Loire,13.55,11.7
49283,Saint-Georges-sur-Loire,15.33,5.5
49301,Sèvremoine,13.69,6.8
49307,Loire-Authion,15.3,5.6
49328,Saumur,13.57,14.6
49331,Segré-en-Anjou Bleu,13.22,11.3
49333,Seiches-sur-le-Loir,13.87,8.5
49345,Bellevigne-en-Layon,13.95,7.7
49347,Tiercé,14.9,6.7
49373,Lys-Haut-Layon,12.74,11.1
50003,Agon-Coutainville,14.91,9.9
50025,Avranches,13.81,10.2
50031,Barneville-Carteret,15.57,11.2
50074,Brécey,12.9,15.3
50076,Bréhal,13.95,10.5
50082,Bricquebec-en-Cotentin,14.02,9.2
50099,Carentan-les-Marais,13.58,13.3
50129,Cherbourg-en-Cotentin,15.59,11.6
50147,Coutances,13.28,13.3
50218,Granville,14.87,9.9
50236,La Haye,13.2,12.7
50341,Montebourg,13.23,11.5
50359,Mortain-Bocage,13.17,15.4
50394,Périers,12.53,14.1
50402,Les Pieux,16.51,7.6
50410,Pontorson,12.44,13.2
50484,Saint-Hilaire-du-Harcouët,12.93,13.5
50487,Saint-James,12.74,13.5
50502,Saint-Lô,13.68,11.6
50539,Saint-Pierre-Église,14.31,9
50582,Sourdeval,12.46,18.4
50601,Torigny-les-Villes,13.32,11.7
50615,Valognes,14.14,10.9
50639,Villedieu-les-Poêles-Rouffigny,12.98,14.2
51030,Aÿ-Champagne,15.95,6.7
51108,Châlons-en-Champagne,14.17,15.2
51217,Dormans,14.67,10.7
51230,Épernay,15.29,11.9
51248,Fère-Champenoise,13.97,13.9
51250,Fismes,14.33,12.6
51380,Montmirail,13.86,14.5
51388,Mourmelon-le-Grand,14.4,9.7
51454,Reims,15.7,16.8
51507,Sainte-Menehould,13.47,14.8
51535,Sézanne,14.14,12.8
51559,Suippes,13.06,12.9
51612,Blancs-Coteaux,15.07,8.5
51649,Vitry-le-François,13.6,15
52060,Bourbonne-les-Bains,12.79,18.2
52093,Chalindrey,13.19,11.5
52121,Chaumont,13.65,13.7
52197,Fayl-Billot,12.87,15.2
52250,Joinville,13.05,18.1
52269,Langres,13.7,13.6
52331,La Porte du Der,13.23,15.2
52353,Nogent,13.07,12.7
52448,Saint-Dizier,13.25,17.5
52550,Wassy,13.15,15
53003,Ambrières-les-Vallées,12.85,13.3
53062,Château-Gontier-sur-Mayenne,13.41,9.8
53077,Cossé-le-Vivien,13.13,9.1
53084,Craon,13.3,11.6
53096,Ernée,12.89,11.7
53097,Évron,13.11,12.8
53107,Gorron,12.21,15.6
53130,Laval,14.5,11.3
53147,Mayenne,13.6,10.2
53152,Meslay-du-Maine,13.7,9.4
53185,Pré-en-Pail-Saint-Samson,12.63,15
53271,Villaines-la-Juhel,12.5,14.7
54039,Baccarat,13.66,15.8
54076,Blainville-sur-l'Eau,14.37,9.7
54099,Val de Briey,13.84,15.5
54159,Dombasle-sur-Meurthe,14.82,10
54273,Jarny,13.86,12
54280,Jœuf,13.78,17.2
54322,Longuyon,12.97,15.8
54323,Longwy,13.14,20.9
54328,Ludres,16.61,5
54329,Lunéville,13.57,14.9
54395,Nancy,15.4,17.5
54397,Neuves-Maisons,14.88,8.7
54431,Pont-à-Mousson,14.81,11.8
54528,Toul,14.3,12.4
54563,Vézelise,14.71,8.3
54580,Villerupt,13.68,17.2
55029,Bar-le-Duc,13.97,13.4
55122,Commercy,13.6,16
55181,Étain,12.85,17.7
55291,Ligny-en-Barrois,13.82,12.6
55351,Montmédy,12.67,15.4
55427,Revigny-sur-Ornain,13.38,13.7
55463,Saint-Mihiel,14.12,14.7
55502,Stenay,13.73,19.8
55533,Vaucouleurs,13.8,15.8
55545,Verdun,13.62,14.9
56001,Allaire,13.29,12.4
56003,Arradon,20.69,5.5
56007,Auray,15.05,9.6
56010,Baud,13.66,9.6
56013,Belz,14.43,9.7
56034,Carnac,16.1,8.9
56053,Elven,14.07,8.7
56057,Le Faouët,12.81,16.9
56061,La Gacilly,13.06,12.3
56066,Gourin,12.37,15.3
56067,Grand-Champ,14.21,6.8
56073,Guémené-sur-Scorff,12.6,20.4
56075,Guer,13.54,9.9
56078,Guidel,17.55,6.4
56083,Hennebont,13.94,9.6
56091,Josselin,12.83,13.3
56098,Lanester,13.53,13.6
56117,Locminé,13.24,10.3
56121,Lorient,15.27,14.3
56124,Malestroit,13.31,10.1
56127,Mauron,12.58,16.8
56143,Muzillac,14.15,8.3
56147,Nivillac,13.85,9.5
56152,Le Palais,13.15,11.2
56164,Ploeren,16.26,7.3
56165,Ploërmel,13.67,10.3
56166,Plouay,13.12,12.4
56169,Plouhinec,15.26,9.3
56177,Pluvigner,13.79,8.3
56178,Pontivy,13.46,12.5
56184,Questembert,13.26,11
56186,Quiberon,13.92,9.6
56193,Riantec,14.72,9.9
56240,Sarzeau,15.98,8.2
56251,Theix-Noyalo,15.56,7.1
56260,Vannes,15.39,12
57019,Amnéville,13.93,15.5
57089,Bitche,13.81,12.7
57097,Boulay-Moselle,14.34,11.2
57106,Bouzonville,13.88,14.2
57132,Château-Salins,13.91,10.7
57160,Creutzwald,13.99,16.1
57177,Dieuze,13.39,15
57207,Farébersviller,14.27,18.3
57209,Faulquemont,14,12.7
57227,Forbach,13.24,24.2
57240,Freyming-Merlebach,12.93,22.3
57269,Guénange,15.45,10.3
57323,Hettange-Grande,16.12,9.3
57413,Longeville-lès-Saint-Avold,14.74,10.3
57443,Marange-Silvange,15.1,10
57463,Metz,15.42,16.5
57483,Morhange,13.77,15.6
57540,Phalsbourg,14.54,9.4
57556,Puttelange-aux-Lacs,14.63,12.8
57572,Rémilly,15.08,7.3
57589,Rohrbach-lès-Bitche,14.45,8.4
57606,Saint-Avold,14.2,18.3
57628,Sarralbe,14.35,12.4
57630,Sarrebourg,13.65,12.8
57631,Sarreguemines,14.52,14.7
57672,Thionville,14.33,17.3
58059,La Charité-sur-Loire,13.28,14.6
58062,Château-Chinon (Ville),12.51,19.5
58079,Clamecy,12.95,17.5
58083,Corbigny,12.69,16.5
58086,Cosne-Cours-sur-Loire,14.11,14.4
58095,Decize,13.19,15.6
58134,Imphy,13.68,13.9
58149,Luzy,12.39,18.2
58194,Nevers,13.77,15.3
58218,Prémery,12.4,17.1
58264,Saint-Pierre-le-Moûtier,13.01,19.4
59011,Annœullin,15.38,10
59015,Arleux,14.28,11.5
59017,Armentières,14.96,14.1
59033,Aulnoye-Aymeries,13.07,21.8
59036,Avesnes-sur-Helpe,13.35,20.3
59037,Avesnes-les-Aubert,13.32,17.3
59051,La Bassée,14.97,12.4
59053,Bavay,14.82,13.9
59067,Bergues,15.56,10.8
59094,Bourbourg,14.3,15.7
59107,Bray-Dunes,15.26,11.3
59122,Cambrai,13.95,16.7
59136,Le Cateau-Cambrésis,12.56,26.3
59139,Caudry,13.05,21.2
59168,Cysoing,19.62,6.5
59172,Denain,13.01,28.2
59178,Douai,14.1,19.9
59183,Dunkerque,14.72,19.8
59239,Flines-lez-Raches,15.68,9
59249,Fourmies,12.57,31.6
59273,Gravelines,15.85,13.9
59295,Hazebrouck,14.23,13.2
59324,Jeumont,12.98,30.1
59331,Landrecies,13.49,19.9
59350,Lille,16.44,20.4
59375,Marchiennes,16.79,9.7
59392,Maubeuge,13.32,28.9
59400,Merville,15.02,10.8
59449,Orchies,16.61,8.1
59462,Phalempin,17.86,5.5
59466,Pont-à-Marcq,19.41,5.8
59481,Le Quesnoy,15.37,13
59484,Quiévrechain,12.93,28.7
59526,Saint-Amand-les-Eaux,16.01,12.9
59571,Solesmes,13.8,18.2
59574,Somain,13.53,19.8
59580,Steenvoorde,15.64,10.6
59601,Trélon,12.21,21.4
59606,Valenciennes,14.43,22.3
59616,Vieux-Condé,13.06,27.4
59653,Wavrin,16.51,8.3
59663,Wormhout,15.16,9.6
60057,Beauvais,14.74,17.4
60103,Bresles,14.77,8.6
60104,Breteuil,13.56,13.5
60141,Chantilly,23.03,6.9
60143,Chaumont-en-Vexin,16.3,7.1
60157,Clermont,15.56,8.3
60159,Compiègne,17.04,13.5
60175,Creil,14.44,25.5
60176,Crépy-en-Valois,16.31,8.3
60178,Crèvecœur-le-Grand,14.09,12.3
60223,Estrées-Saint-Denis,15.96,6.2
60245,Formerie,12.82,16.6
60286,Grandvilliers,13.39,13.4
60360,Liancourt,14.91,10.1
60395,Méru,15.68,10.5
60471,Noyon,14.35,18.1
60500,Le Plessis-Belleville,17.09,5.8
60509,Pont-Sainte-Maxence,16.05,13.1
60533,Ressons-sur-Matz,15.21,9
60581,Saint-Just-en-Chaussée,13.78,11.8
60612,Senlis,23.66,8.7
60636,Thourotte,15.83,9.8
60667,Verberie,17.02,8
61001,Alençon,13.49,15.5
61006,Argentan,13.05,16.1
61038,Bellême,13.44,12.2
61145,Domfront en Poiraie,12.7,15.9
61168,La Ferté Macé,12.97,13.8
61169,Flers,13.38,15.1
61181,Gacé,13.8,19.1
61214,L'Aigle,13.63,16.5
61293,Mortagne-au-Perche,13.5,15.4
61464,Sées,13.1,14
61486,Tinchebray-Bocage,13.1,14.3
61508,Vimoutiers,13.28,19.2
62014,Aire-sur-la-Lys,13.86,14.5
62038,Ardres,14.09,13.3
62041,Arras,15.23,14.8
62045,Aubigny-en-Artois,14.84,8.6
62048,Auchel,13.7,19.3
62057,Audruicq,15,13.3
62060,Auxi-le-Château,12.64,22.4
62080,Bapaume,13.32,14
62108,Berck,13.23,14.3
62119,Béthune,15.2,16.5
62160,Boulogne-sur-Mer,13.59,20.5
62178,Bruay-la-Buissière,12.99,24.8
62193,Calais,13.87,23.2
62268,Desvres,13.41,15.8
62318,Étaples,14.84,13.8
62361,Frévent,12.81,22.2
62364,Fruges,12.37,19.7
62397,Guînes,13.74,18.3
62447,Hesdin,13.28,20.2
62497,Leforest,14.27,17.2
62498,Lens,13.29,23.3
62534,Lumbres,13.8,14.2
62560,Marquise,14.38,15
62588,Montreuil-sur-Mer,13.57,13.2
62617,Nœux-les-Mines,13.49,19.7
62765,Saint-Omer,13.9,17.2
62767,Saint-Pol-sur-Ternoise,13.49,16.5
62773,Samer,13.34,13.9
62861,Vimy,16.32,6.8
62893,Wimereux,15.49,13.3
62895,Wingles,13.95,15.5
63003,Ambert,14.11,16.5
63010,Arlanc,12.41,19.2
63038,Besse-et-Saint-Anastaise,12.84,14.4
63040,Billom,14.56,10.4
63047,La Bourboule-Mont-Dore,12.83,17.3
63113,Clermont-Ferrand,15.8,15.1
63125,Courpière,13.52,18.1
63178,Issoire,13.71,13.4
63195,Lezoux,14.39,9.2
63214,Les Martres-de-Veyre,16.41,6.1
63283,Pontaumur,13.09,19.9
63284,Pont-du-Château,14.96,8.2
63285,Pontgibaud,14.29,9.9
63300,Riom,15.55,10
63338,Saint-Éloy-les-Mines,13.28,17.7
63430,Thiers,13.55,16.8
63457,Vic-le-Comte,15.42,7.7
64061,Artix,15.65,8.4
64062,Arudy,14.07,12.3
64063,Arzacq-Arraziguet,13.79,12.7
64102,Bayonne,15.41,11.4
64160,Cambo-les-Bains,13.91,9.8
64233,Garlin,13.19,13.4
64256,Hasparren,13.74,11.7
64260,Hendaye,13.88,14.5
64320,Laruns,14.57,14.2
64331,Lembeye,13.81,15
64371,Mauléon-Licharre,12.76,15.6
64393,Monein,16.05,10.2
64410,Mourenx,14.52,16
64416,Navarrenx,14.48,15
64417,Nay,15.51,8.8
64422,Oloron-Sainte-Marie,14,14.1
64430,Orthez,14.27,11.7
64445,Pau,16.35,13.7
64453,Pontacq,14.48,10.2
64483,Saint-Jean-de-Luz,15.15,11.5
64485,Saint-Jean-Pied-de-Port,13.06,16.5
64493,Saint-Palais,13.51,14.5
64495,Saint-Pée-sur-Nivelle,13.58,11
64499,Salies-de-Béarn,13.17,15.3
64526,Soumoulou,16.53,8.3
65025,Argelès-Gazost,13.65,13.4
65031,Arreau,13.01,16.2
65059,Bagnères-de-Bigorre,13.71,15
65258,Lannemezan,13.59,15.4
65286,Lourdes,12.54,18.3
65295,Luz-Saint-Sauveur,13.62,16.3
65304,Maubourguet,12.57,17.5
65440,Tarbes,13.69,15.6
65452,Trie-sur-Baïse,12.73,20.1
65460,Vic-en-Bigorre,13.25,15.5
66003,Amélie-les-Bains-Palalda,12.5,25.5
66016,Banyuls-sur-Mer,13.04,16.1
66024,Le Boulou,13.63,17.7
66025,Bourg-Madame,13.63,15.6
66037,Canet-en-Roussillon,14.05,16.9
66049,Céret,13.84,17.1
66088,Ille-sur-Têt,13.08,20.6
66108,Millas,13.53,19.4
66124,Font-Romeu-Odeillo-Via,13.2,16.2
66136,Perpignan,13.69,25.2
66144,Pollestres,13.64,14.1
66148,Port-Vendres,13.16,19.3
66149,Prades,12.52,24.1
66171,Saint-Cyprien,13.35,16.3
66180,Saint-Laurent-de-la-Salanque,13.34,17.3
66210,Thuir,13.68,16
67021,Barr,16.11,8.3
67028,Benfeld,15.46,7.1
67061,Bouxwiller,15.1,9.2
67067,Brumath,16.25,5.3
67095,Diemeringen,14,10.6
67106,Drusenheim,15.47,6.9
67130,Erstein,15.63,8.5
67152,Geispolsheim,16.52,6.7
67180,Haguenau,14.87,10.9
67202,Hochfelden,15.7,5
67205,Hœrdt,16.63,5
67222,Ingwiller,14.39,9.1
67281,Marckolsheim,15.38,7.3
67282,Marlenheim,17.21,5.1
67283,Marmoutier,15.43,7.3
67300,Molsheim,16.31,7
67348,Obernai,16.42,8
67372,Val-de-Moder,15.14,6.8
67388,Reichshoffen,14.64,9.7
67411,Rosheim,17.65,5
67434,Sarre-Union,14.36,13.9
67437,Saverne,15.34,10.3
67448,Schirmeck,14.41,9.7
67462,Sélestat,15.3,9.6
67463,Seltz,14.94,7.9
67474,Soultz-sous-Forêts,14.58,7.3
67482,Strasbourg,15.51,20.9
67495,Truchtersheim,19.23,5
67507,Villé,15.46,7.1
67519,La Wantzenau,19.21,5.7
67520,Wasselonne,15.08,7.4
67544,Wissembourg,14.47,12.1
67550,Wœrth,14.67,6.5
68004,Altkirch,14.48,8.7
68063,Cernay,15.26,9.9
68066,Colmar,15.45,12.9
68068,Dannemarie,14.95,7.6
68082,Ensisheim,15.68,5.9
68112,Guebwiller,14.76,10.3
68138,Hirsingue,14.01,7
68162,Kaysersberg Vignoble,15.53,8.2
68201,Masevaux-Niederbruck,15.13,8.2
68224,Mulhouse,14.37,20.1
68226,Munster,14.42,8.6
68269,Ribeauvillé,16.01,8.2
68287,Rouffach,16.09,6.6
68297,Saint-Louis,14.56,12
68298,Sainte-Marie-aux-Mines,14.24,15.1
68309,Sierentz,16.1,5
68334,Thann,14.38,11.2
69006,Amplepuis,14.13,12.4
69010,L'Arbresle,17.22,7.4
69018,Beaujeu,14.41,11.2
69019,Belleville-en-Beaujolais,15.27,8.3
69024,Val d'Oingt,17.99,6.1
69064,Condrieu,16.54,8.2
69066,Cours,13.92,13.4
69091,Givors,16.02,16.3
69112,Lentilly,20.9,5
69123,Lyon,17.83,16
69141,Mornant,17.89,5.4
69143,Neuville-sur-Saône,20.21,7.5
69201,Sainte-Foy-l'Argentière,14.88,8.6
69220,Saint-Laurent-de-Chamousset,14.67,8.5
69227,Saint-Martin-en-Haut,15.97,6.9
69238,Saint-Symphorien-sur-Coise,14.47,9.5
69243,Tarare,14.59,12.1
69248,Thizy-les-Bourgs,13.31,13.6
69264,Villefranche-sur-Saône,16.68,11.9
69287,Saint-Bonnet-de-Mure,18.59,5
70198,Dampierre-sur-Salon,13.56,13.2
70279,Gray,13.46,14.7
70285,Héricourt,15.1,12.7
70292,Jussey,12.55,17.7
70310,Lure,14.07,13.5
70311,Luxeuil-les-Bains,13.11,15.8
70334,Marnay,14.35,7.1
70421,Port-sur-Saône,13,12.5
70447,Rioz,14.13,8
70467,Saint-Loup-sur-Semouse,12.72,18.7
70550,Vesoul,13.36,14.2
70561,Villersexel,12.9,14.5
71014,Autun,13.38,16.5
71047,Bourbon-Lancy,13.52,13.7
71073,Chagny,14.83,8.1
71076,Chalon-sur-Saône,14.37,13.7
71090,La Chapelle-de-Guinchay,15.6,7.5
71106,Charolles,13.84,13
71120,Chauffailles,13.57,12.4
71133,La Clayette,13.78,12.2
71137,Cluny,14.34,12
71153,Le Creusot,14.55,14
71176,Digoin,12.87,16
71192,Étang-sur-Arroux,13.26,15.4
71221,Givry,18.31,5.9
71230,Gueugnon,14.38,12.2
71263,Louhans,13.02,14.5
71270,Mâcon,14.54,13.6
71275,Marcigny,13.74,13.4
71306,Montceau-les-Mines,13.77,14.7
71310,Montchanin,14.78,11
71342,Paray-le-Monial,13.76,11.5
71351,Pierre-de-Bresse,13.17,15.4
71417,Saint-Gengoux-le-National,14.47,10.7
71419,Saint-Germain-du-Bois,13.1,13.3
71512,Sennecey-le-Grand,14.3,9.6
71543,Tournus,14.08,12.5
72029,Beaumont-sur-Sarthe,13.51,11
72039,Bonnétable,13.27,10.7
72068,La Chartre-sur-le-Loir,13.42,14
72071,Montval-sur-Loir,13.04,14.9
72089,Conlie,13.87,10.1
72090,Connerré,13.2,10.9
72124,Écommoy,13.76,9.6
72132,La Ferté-Bernard,13.75,11.9
72138,Fresnay-sur-Sarthe,12.8,14.2
72143,Le Grand-Lucé,13.6,12.8
72154,La Flèche,13.43,12
72168,Loué,13.17,11.2
72176,Le Lude,12.54,15.3
72180,Mamers,12.62,15.6
72181,Le Mans,15.05,15.7
72189,Marolles-les-Braults,12.35,14.5
72213,Mulsanne,14.9,7.3
72231,Parigné-l'Évêque,14.88,6.5
72264,Sablé-sur-Sarthe,13.26,12.9
72269,Saint-Calais,12.8,13.3
72334,Sillé-le-Guillaume,13.07,16.9
72346,La Suze-sur-Sarthe,14,7.9
72373,Vibraye,13.17,10.5
73006,Aime-la-Plagne,15.06,10.7
73008,Aix-les-Bains,17.04,10
73010,Entrelacs,15.93,6.3
73011,Albertville,15.16,11.6
73034,Beaufort,15.01,11.3
73054,Bourg-Saint-Maurice,14.79,14.1
73055,Bozel,16.48,14
73065,Chambéry,15.65,12.2
73157,Modane,14.36,13.2
73171,Montmélian,15.15,8.5
73181,Moûtiers,14.71,14.6
73215,Valgelon-La Rochette,15.29,7.8
73236,Saint-Genix-les-Villages,14.5,9.8
73248,Saint-Jean-de-Maurienne,15.46,11.1
73270,Saint-Pierre-d'Albigny,15.14,7.7
73303,Ugine,15.11,12.5
73304,Val-d'Isère,15.64,20.8
73330,Yenne,15.49,8.2
74010,Annecy,16.93,8.4
74012,Annemasse,13.98,14.8
74042,Bonneville,14.87,9
74043,Bons-en-Chablais,15.06,6.3
74056,Chamonix-Mont-Blanc,15.76,15.1
74081,Cluses,14.95,11.6
74096,Cruseilles,16.14,5.2
74105,Douvaine,14.69,8.7
74123,Faverges-Seythenex,15.83,9.2
74137,Groisy,17.8,5
74191,Morzine,15.42,14.4
74220,Reignier-Ésery,15.34,7.5
74224,La Roche-sur-Foron,15.72,7.7
74225,Rumilly,15.44,7.1
74236,Saint-Gervais-les-Bains,15.66,10.6
74243,Saint-Julien-en-Genevois,15.12,9.6
74256,Sallanches,15.75,9
74258,Samoëns,15.02,11.3
74269,Seyssel,14.55,7.9
74276,Taninges,16.64,7.4
74280,Thônes,15.24,7.5
74281,Thonon-les-Bains,14.99,9.8
74311,Viuz-en-Sallaz,15.56,6.3
75056,Paris,21.39,16.8
76034,Val-de-Scie,14.33,9.5
76035,Aumale,13.23,15.5
76057,Barentin,15.03,10.6
76101,Blangy-sur-Bresle,13.25,15.2
76114,Bolbec,14.82,14
76146,Buchy,14.99,6.9
76159,Cany-Barville,14.85,12.3
76164,Rives-en-Seine,15.59,10.7
76196,Criquetot-l'Esneval,16.84,5
76217,Dieppe,13.93,16.1
76219,Doudeville,14.11,11.3
76222,Duclair,15.01,9.9
76255,Eu,14.38,14.2
76258,Terres-de-Caux,14.5,9.7
76259,Fécamp,14.37,13.3
76276,Forges-les-Eaux,13.66,14.7
76302,Goderville,15.75,7.1
76312,Gournay-en-Bray,14.28,13.3
76351,Le Havre,15.75,18.4
76400,Luneray,13.84,10.7
76462,Neufchâtel-en-Bray,13.72,14.7
76476,Port-Jérôme-sur-Seine,15.7,12.2
76482,Offranville,15.32,8.5
76540,Rouen,15.66,16.9
76647,Saint-Romain-de-Colbosc,17.49,5.2
76648,Saint-Saëns,14.24,13.2
76655,Saint-Valery-en-Caux,16.52,12.8
76752,Yerville,14.56,7.7
76758,Yvetot,15.28,10.4
77051,Bray-sur-Seine,14.76,10.5
77053,Brie-Comte-Robert,18.25,7.7
77088,La Chapelle-la-Reine,18.53,6.9
77100,Le Châtelet-en-Brie,17.87,5
77118,Claye-Souilly,18.61,6.4
77131,Coulommiers,15.82,9.8
77142,Crécy-la-Chapelle,18.03,6.4
77153,Dammartin-en-Goële,17.19,7.2
77171,Esbly,19.03,6
77182,La Ferté-Gaucher,14.59,12.4
77183,La Ferté-sous-Jouarre,15.48,11.6
77186,Fontainebleau,21.68,9.5
77192,Fontenay-Trésigny,16.52,6.7
77268,Magny-le-Hongre,20.41,7.5
77284,Meaux,15.47,14.9
77288,Melun,15.03,20.1
77305,Montereau-Fault-Yonne,14.66,18.4
77316,Moret-Loing-et-Orvanne,17.76,9.3
77327,Nangis,15.59,11
77333,Nemours,15.5,13.3
77379,Provins,14.97,15
77393,Rozay-en-Brie,16.77,5.6
77407,Saint-Fargeau-Ponthierry,18.94,7.1
77437,Saint-Soupplets,16.23,5.6
77458,Souppes-sur-Loing,14.59,15.5
77470,Tournan-en-Brie,17.11,9.1
78029,Aubergenville,16.42,12.6
78089,Bonnières-sur-Seine,16.19,11.9
78217,Épône,21.97,5.5
78220,Les Essarts-le-Roi,23.07,5.4
78267,Gargenville,16.51,9
78310,Houdan,20.45,5
78361,Mantes-la-Jolie,15.67,21.2
78420,Montfort-l'Amaury,28.16,5.6
78455,Noisy-le-Roi,37.78,5
78486,Le Perray-en-Yvelines,21.57,5.2
78513,La Queue-les-Yvelines,23.01,5
78517,Rambouillet,21.3,7
78537,Saint-Arnoult-en-Yvelines,20.96,5
79005,Airvault,13.3,14.7
79048,La Crèche,16.04,5
79049,Bressuire,12.99,15.3
79061,Celles-sur-Belle,14.74,6.9
79062,Cerizay,12.81,12.2
79079,Mauléon,13.17,9.3
79083,Chef-Boutonne,12.57,19.4
79101,Coulonges-sur-l'Autize,13.88,12
79174,Melle,13.29,14.2
79179,Moncoutant-sur-Sèvre,12.72,14
79191,Niort,16.29,10.8
79195,Nueil-les-Aubiers,12.83,14
79202,Parthenay,13.01,14.1
79270,Saint-Maixent-l'École,13.29,13
79307,Sauzé-Vaussais,12.9,21.5
79311,Secondigny,12.5,15.4
79329,Thouars,12.85,14.5
80001,Abbeville,13.56,17.3
80010,Ailly-sur-Noye,15.13,9.3
80013,Airaines,13.21,16.5
80016,Albert,13.97,14.8
80021,Amiens,15.01,18.6
80211,Conty,14.8,9.7
80212,Corbie,14.91,9.9
80222,Crécy-en-Ponthieu,13.17,15.6
80253,Doullens,13.37,16.7
80318,Flixecourt,13.63,15
80368,Friville-Escarbotin,12.94,13.9
80373,Gamaches,13.07,15.7
80410,Ham,13.87,18
80561,Montdidier,13.73,16.1
80570,Moreuil,14.45,10.8
80606,Oisemont,13.12,16.9
80620,Péronne,13.68,16.4
80630,Poix-de-Picardie,13.79,11.9
80680,Rosières-en-Santerre,13.69,15.8
80685,Roye,13.98,16
80688,Rue,13.15,15.6
80721,Saint-Valery-sur-Somme,13.45,14.8
80799,Villers-Bretonneux,15.19,7.3
81003,Alban,12.81,20.4
81004,Albi,14.21,14.8
81060,Carmaux,12.52,18.6
81065,Castres,14.23,16.7
81099,Gaillac,14.52,16
81105,Graulhet,13.22,19.4
81120,Labruguière,13.25,13.2
81124,Lacaune,13.02,18.7
81140,Lavaur,16.02,11.1
81163,Mazamet,13.19,18.8
81219,Puylaurens,14.55,13.2
81220,Rabastens,15.94,12.1
81222,Réalmont,13.46,14.2
81271,Saint-Sulpice-la-Pointe,16.91,7.4
82013,Beaumont-de-Lomagne,13.57,16.5
82033,Castelsarrasin,13.1,17.7
82037,Caussade,13.27,17.8
82075,Grisolles,15.55,9.6
82087,Lafrançaise,13.33,15.7
82112,Moissac,13.29,22.8
82121,Montauban,14.26,16.2
82125,Montech,13.97,12.1
82134,Nègrepelisse,13.48,17
82155,Saint-Antonin-Noble-Val,12.94,26.4
82186,Valence,14.26,16.8
82190,Verdun-sur-Garonne,14.65,10.8
83007,Aups,13.02,22.1
83012,Barjols,13.8,20
83019,Bormes-les-Mimosas,14.18,14.1
83023,Brignoles,13.85,20.1
83032,Carcès,13.91,19.9
83036,Cavalaire-sur-Mer,14.51,14.5
83042,Cogolin,13.96,16.7
83050,Draguignan,14.07,18.2
83055,Fayence,15.52,15.6
83061,Fréjus,14.91,15.5
83064,Garéoult,15.46,10.6
83071,La Londe-les-Maures,14.42,12.4
83072,Lorgues,15.12,16.9
83073,Le Luc,14.03,16.9
83081,Montauroux,17.46,13.7
83091,Pierrefeu-du-Var,15.14,8.9
83104,Rians,15.47,12.6
83106,Rocbaron,14.68,9.1
83107,Roquebrune-sur-Argens,15.59,11
83115,Sainte-Maxime,14.59,16.3
83116,Saint-Maximin-la-Sainte-Baume,16.18,12.4
83119,Saint-Tropez,16.92,13.8
83121,Salernes,14.01,19.1
83137,Toulon,15.11,15.7
83148,Vidauban,13.97,17.2
84003,Apt,13.41,20.3
84007,Avignon,14.79,21.2
84019,Bollène,14.42,20.1
84031,Carpentras,14.52,19
84035,Cavaillon,14.36,19.7
84054,L'Isle-sur-la-Sorgue,15.59,14.7
84071,Maubec,16.72,13.9
84087,Orange,14.43,17.5
84089,Pertuis,15.97,13.4
84106,Sainte-Cécile-les-Vignes,15.18,13.1
84123,Sault,13.28,22
84133,La Tour-d'Aigues,16.24,13
84137,Vaison-la-Romaine,14.12,17.2
84138,Valréas,14.39,19.2
85003,Aizenay,13.54,7.5
85018,Beauvoir-sur-Mer,12.89,10.2
85019,Bellevigny,14.13,6.1
85020,Benet,14.33,8.1
85035,Bretignolles-sur-Mer,14.57,8
85047,Challans,13.51,9.1
85051,Chantonnay,13.13,10.5
85059,La Châtaigneraie,12.67,12.7
85084,Essarts en Bocage,13.44,6.8
85092,Fontenay-le-Comte,13.18,12.9
85109,Les Herbiers,13.59,7.1
85113,L'Île-d'Yeu,13.46,9.3
85128,Luçon,13.02,11
85146,Montaigu-Vendée,13.98,6.2
85151,Mortagne-sur-Sèvre,13.93,5.7
85152,Les Achards,13.39,7.3
85156,Moutiers-les-Mauxfaits,12.94,10.1
85163,Noirmoutier-en-l'Île,13.2,11.8
85178,Le Poiré-sur-Vie,14.34,5.4
85182,Pouzauges,13.11,8.4
85191,La Roche-sur-Yon,13.95,10.7
85194,Les Sables-d'Olonne,14.64,8.7
85215,Saint-Fulgent,13.16,6.3
85223,Sainte-Hermine,13.11,11.7
85226,Saint-Hilaire-de-Riez,13.77,8.5
85234,Saint-Jean-de-Monts,13.54,11.7
85288,Talmont-Saint-Hilaire,14.01,7.8
85294,La Tranche-sur-Mer,13.45,9.8
86066,Châtellerault,14.07,16.1
86070,Chauvigny,14.33,10.9
86078,Civray,12.6,18.9
86082,Valence-en-Poitou,13.15,15
86092,Dangé-Saint-Romain,13.21,11.5
86103,Gençay,13.32,14
86112,L'Isle-Jourdain,12.19,21.6
86128,Lencloître,12.83,13.2
86137,Loudun,12.65,16
86139,Lusignan,13.47,12.4
86140,Lussac-les-Châteaux,13.82,14.1
86165,Montmorillon,12.97,16.3
86177,Neuville-de-Poitou,13.92,9.6
86194,Poitiers,14.59,15.4
86293,Vivonne,13.66,9.1
86294,Vouillé,13.91,8.5
87001,Aixe-sur-Vienne,13.72,9.3
87002,Ambazac,13.65,12
87011,Bellac,12.54,22.3
87014,Bessines-sur-Gartempe,13.27,15.3
87032,Châlus,12.98,18.8
87064,Eymoutiers,12.89,19.5
87085,Limoges,14.47,16.6
87106,Nexon,13.71,10.9
87126,Rochechouart,13.49,17.9
87154,Saint-Junien,13.77,13.1
87161,Saint-Léonard-de-Noblat,13.54,13.7
87187,Saint-Yrieix-la-Perche,12.86,16.9
88075,La Bresse,13.05,12.9
88078,Bruyères,13.28,14.6
88090,Charmes,14.14,12.6
88114,Contrexéville,14.38,15.1
88160,Épinal,14.42,15.8
88181,Fraize,13.25,14.7
88196,Gérardmer,14.13,12.3
88304,Mirecourt,13.79,13.6
88321,Neufchâteau,13.61,15.5
88367,Rambervillers,13.41,17.9
88372,Raon-l'Étape,13.14,17.4
88383,Remiremont,13.98,12.6
88408,Rupt-sur-Moselle,12.87,15.9
88413,Saint-Dié-des-Vosges,13.76,17.8
88468,Le Thillot,12.78,15.9
88486,Vagney,13.6,11.2
88487,Le Val-d'Ajol,13.22,15.9
88516,Vittel,16.14,10
88530,Xertigny,13.09,19
89003,Montholon,14.16,10
89024,Auxerre,14.26,13.7
89025,Avallon,13.13,14.6
89068,Chablis,13.98,10.3
89086,Charny Orée de Puisaye,13.75,16.3
89206,Joigny,13.39,20.9
89257,Migennes,13.04,18.1
89309,Pont-sur-Yonne,14.77,10.8
89345,Saint-Florentin,13.06,15.1
89368,Saint-Sauveur-en-Puisaye,13.49,19.3
89387,Sens,14.48,16.6
89418,Tonnerre,13.27,17
89419,Toucy,13.87,14.5
89464,Villeneuve-sur-Yonne,14.3,12
90010,Belfort,16.28,18.6
90033,Delle,14.26,11.7
90052,Giromagny,14.97,13.6
91016,Angerville,15.03,9.4
91021,Arpajon,16.92,12.4
91045,Ballancourt-sur-Essonne,17.8,5.6
91105,Breuillet,19.06,6.8
91200,Dourdan,18.14,9.4
91223,Étampes,15.51,14.1
91226,Étréchy,18.7,5
91232,La Ferté-Alais,17.26,5.7
91338,Limours,22.67,5
91376,Marolles-en-Hurepoix,18.63,5
91405,Milly-la-Forêt,19.19,6
95250,Fosses,18.37,8.6
95313,L'Isle-Adam,21.29,7.4
95351,Louvres,16,12.9
95355,Magny-en-Vexin,17.24,7.9
95370,Marines,18.63,5.9
95487,Persan,15.64,12.6
95652,Viarmes,18.69,6.3
97101,Les Abymes,15.43,N/A - résultat non disponible
97105,Basse-Terre,13.72,N/A - résultat non disponible
97106,Bouillante,12.89,N/A - résultat non disponible
97107,Capesterre-Belle-Eau,13.6,N/A - résultat non disponible
97112,Grand-Bourg,12.39,N/A - résultat non disponible
97122,Port-Louis,13.19,N/A - résultat non disponible
97129,Sainte-Rose,14.03,N/A - résultat non disponible
97209,Fort-de-France,15.13,25.3
97213,Le Lamentin,15.14,21.7
97222,Le Robert,14.69,26.7
97225,Saint-Pierre,13.49,31.5
97228,Sainte-Marie,12.93,34
97302,Cayenne,14.93,N/A - résultat non disponible
97304,Kourou,18.08,N/A - résultat non disponible
97311,Saint-Laurent-du-Maroni,11.9,N/A - résultat non disponible
97404,L'Étang-Salé,14.51,27.3
97409,Saint-André,12.57,44.8
97410,Saint-Benoît,12.53,43.8
97411,Saint-Denis,14.62,33
97412,Saint-Joseph,12.31,41.4
97413,Saint-Leu,14.13,34.2
97414,Saint-Louis,12.12,43.3
97415,Saint-Paul,14.72,31.7
97416,Saint-Pierre,13,35.7
97608,Dzaoudzi,N/A - résultat non disponible,N/A - résultat non disponible
97611,Mamoudzou,N/A - résultat non disponible,N/A - résultat non disponible
